{"step": 99, "valid_loss": 6.953099727630615, "valid_acc@20": 0.012829084467907752, "valid_acc@50": 0.018763892747985553, "valid_acc@100": 0.027750764101139205, "train_loss": 7.025532245635986}