{"step": 9, "valid_loss": 7.2375383377075195, "valid_acc@20": 0.012572936926924145, "valid_acc@50": 0.01590285495971103, "valid_acc@100": 0.024633578771881076, "train_loss": 7.326287746429443}