{"step": 400, "train_loss": 6.750554084777832, "valid_loss": 6.677179336547852, "valid_acc@20": 0.01489997221450403, "valid_acc@50": 0.018742185329258126, "valid_acc@100": 0.027216761600444568}