{"step": 1, "valid_loss": 7.715198040008545, "valid_acc@20": 0.013110959319975713, "valid_acc@50": 0.023613008500303585, "valid_acc@100": 0.034930935033394055, "train_loss": 8.066851615905762}